{"cameraMode":{"drawMode":0,"name":"Shaded","section":"Shading Mode"},"sceneLighting":true,"audioPlay":false,"sceneViewState":{"showFog":true,"showMaterialUpdate":false,"showSkybox":true,"showFlares":true,"showImageEffects":true,"showParticleSystems":true,"showVisualEffectGraphs":true,"m_FxEnabled":true},"in2DMode":false,"pivot":{"x":12.454343795776368,"y":1.3539118766784669,"z":0.3408393859863281},"rotation":{"x":0.09406906366348267,"y":-0.34603139758110049,"z":0.03489353880286217,"w":0.9328570365905762},"size":2.6701736450195314,"orthographic":false}