{"cameraMode":{"drawMode":0,"name":"Shaded","section":"Shading Mode"},"sceneLighting":true,"audioPlay":false,"sceneViewState":{"showFog":true,"showMaterialUpdate":false,"showSkybox":true,"showFlares":true,"showImageEffects":true,"showParticleSystems":true,"showVisualEffectGraphs":true,"m_FxEnabled":true},"in2DMode":false,"pivot":{"x":7.962825775146484,"y":4.460303783416748,"z":-1.9727745056152344},"rotation":{"x":0.12860770523548127,"y":-0.023504575714468957,"z":0.003051646752282977,"w":0.9914243817329407},"size":6.419041633605957,"orthographic":false}