{"cameraMode":{"drawMode":0,"name":"Shaded","section":"Shading Mode"},"sceneLighting":false,"audioPlay":false,"sceneViewState":{"m_AlwaysRefresh":false,"showFog":true,"showSkybox":true,"showFlares":true,"showImageEffects":true,"showParticleSystems":true,"showVisualEffectGraphs":true,"m_FxEnabled":true},"in2DMode":false,"pivot":{"x":18.47650146484375,"y":0.6050283908843994,"z":-7.803818702697754},"rotation":{"x":0.006643403321504593,"y":-0.9908772706985474,"z":0.12431471049785614,"w":0.05234796181321144},"size":5.008509159088135,"orthographic":true}