{"cameraMode":{"drawMode":0,"name":"Shaded","section":"Shading Mode"},"sceneLighting":false,"audioPlay":false,"sceneViewState":{"m_AlwaysRefresh":false,"showFog":true,"showSkybox":false,"showFlares":true,"showImageEffects":true,"showParticleSystems":true,"showVisualEffectGraphs":true,"m_FxEnabled":true},"in2DMode":false,"pivot":{"x":0.22071075439453126,"y":2.301970958709717,"z":-0.04667770862579346},"rotation":{"x":0.05722641944885254,"y":0.2270987182855606,"z":-0.013426549732685089,"w":0.9721381664276123},"size":5.135617733001709,"orthographic":true}